Spending Ranges (per Student),Average Math Score,Average Reading Score,% Passing Math,% Passing Reading,% Overall Passing Rate
<$578,83.2742006132282,83.98948751642575,93.8677179150241,96.53964082347788,95.20367936925099
$578-591 ,83.51579847365763,83.91525623314669,93.32422166370179,96.63462209445906,94.97942187908042
$591-628,81.8998257021498,83.15528577020937,87.13353760737168,92.71820457965273,89.92587109351221
$628-641,78.99094200069969,81.91721183427846,75.20907785658589,86.08938571793469,80.64923178726028
$641-655,77.02355540603445,80.95744635742729,66.70101034387886,80.67521660065346,73.68811347226617
